{"cameraMode":{"drawMode":0,"name":"Shaded","section":"Shading Mode"},"sceneLighting":true,"audioPlay":false,"sceneViewState":{"m_AlwaysRefresh":true,"showFog":true,"showSkybox":true,"showFlares":true,"showImageEffects":true,"showParticleSystems":true,"showVisualEffectGraphs":true,"m_FxEnabled":true},"in2DMode":false,"pivot":{"x":-29.67715072631836,"y":24.72737693786621,"z":22.29621696472168},"rotation":{"x":-0.12426015734672547,"y":0.22121185064315797,"z":-0.028393805027008058,"w":-0.9668775796890259},"size":111.55072021484375,"orthographic":false}